,start_time,end_time,date,MF_s_Kg/min_mean,MF_s_Kg/min_std,MF_s_liq_Kg/min_mean,MF_s_liq_Kg/min_std,MF_m_Kg/min_mean,MF_m_Kg/min_std,Pm_bar_mean,Pm_bar_std,Tm_degC_mean,Tm_degC_std,Ps_bar_mean,Ps_bar_std,Ts_degC_mean,Ts_degC_std,DP_bar_mean,DP_bar_std,inlet_quality_mean,inlet_quality_std,ER,Po,eff
0,10:35,10:54,13.01,2.481801776649746,0.035091126405968454,0.008000000000000002,1.739143160785688e-18,1.9316192893401014,0.03075244570500572,79.66682538071066,0.6849672852797811,24.716592436548222,0.17983067051339788,34.50084517766498,0.14291503341179934,14.600785279187816,0.2337795792777764,1.5201580964467003,0.025637716487425907,0.9967862497461929,4.559749660193896e-05,1.288971274199864,36.02100327411168,0.3160179655492525
1,14:12,14:20,13.01,2.0241698863636364,0.018274123624398838,0.008000000000000002,1.7446646661074256e-18,1.983230681818182,0.024623684318453177,79.81354204545454,0.5338135105764263,24.066134545454545,0.31570076278824305,34.52024431818182,0.23711324219140173,9.562849363636364,0.027878946134034775,1.9152971590909091,0.02517476199017094,0.9960630056818183,3.527550143979256e-05,1.024676506366162,36.43554147727273,0.3133699062949846
2,13:55,14:04,13.01,0.3708346999999999,0.003082124891772695,0.008000000000000002,1.7434626923745965e-18,2.0755035,0.04088541159833979,80.405582,0.4887044045496849,23.109801100000006,0.5460313074901326,31.546540000000004,0.26439710988808446,9.814146860000001,0.07447874231747142,3.9288180000000006,0.05082054559472433,0.978881237,0.00017135389138247774,0.18252664955756515,35.47535800000001,0.12538146318594007
3,11:11,11:23,13.01,2.587631854838709,0.031187286558356862,0.008000000000000004,3.4835218452512016e-18,2.163858064516129,0.038225202593271106,84.98321935483871,0.6264562973327616,24.1568264516129,0.5130887592768426,34.51431451612903,0.22194694183705466,13.174865161290322,0.30549042251958286,1.6391322580645162,0.03743473518153591,0.9969174508064517,3.739548578462741e-05,1.1995388687469808,36.15344677419355,0.30148501229190244
4,11:26,11:35,13.01,2.2267694999999996,0.10526551539830462,0.008000000000000002,1.7434626923745965e-18,2.1445295,0.024772733763783802,84.85425700000002,0.6035582867512134,24.433350500000003,0.37369382329176143,33.678630000000005,0.17040119949072796,11.555770399999998,0.27553300998199365,2.0063055,0.13409159802673556,0.9964068149999998,0.00028985425713414295,1.042079160020881,35.68493550000001,0.31757452460031954
5,11:37,11:50,13.01,0.4386914393939394,0.3168007288276001,0.008,0.0,2.2104295454545455,0.043453288930480054,85.16375075757576,0.5228326733770245,23.651188787878787,0.6716908226089928,30.779087121212125,0.83747631730492,9.624398499999998,0.7451923129517877,4.277127272727272,0.4182967280360139,0.979921359090909,0.003187526008035302,0.20208354539618825,35.0562143939394,0.14177352577338018
6,12:06,12:18,13.01,2.699177165354331,0.030149745159301994,0.008000000000000004,3.4831873896942645e-18,2.3411110236220463,0.018795577318126203,89.92952283464565,0.6660910127989893,23.81314763779527,0.1854726942015339,34.27511023622048,0.08258610017434707,10.07524042519685,0.13932594774994692,1.7402303149606302,0.025287318922984116,0.9970445338582677,3.2871998554447494e-05,1.1563642809070738,36.015340551181104,0.28749712009786055
7,12:22,12:29,13.01,2.457208125,0.030404392008423712,0.008000000000000002,1.7456682121588365e-18,2.34590875,0.01786751131084121,90.1653775,0.5863588571521363,23.8587105,0.15814336920191008,33.5960625,0.19194890497278996,9.2251324625,0.10504658492667941,2.009055,0.027900177622954415,0.996754345,3.9882770938354695e-05,1.0508542265337475,35.605117500000006,0.301425949407336
8,12:35,12:45,13.01,0.513413425925926,0.006193166291493222,0.008000000000000004,3.485621617500495e-18,2.3692365740740744,0.030061730574979982,90.02776203703705,0.6826900964549591,23.39555111111111,0.43836210723605684,30.606180555555557,0.4817346938158562,8.129421037037035,0.8843480813480092,4.562636111111111,0.056077356381643885,0.9846549333333334,0.00018304036529438676,0.2200765561496114,35.16881666666667,0.1565145948486075
9,12:52,13:01,13.01,2.856232989690722,0.029941407962223655,0.008000000000000002,1.7437350871411013e-18,2.4539072164948452,0.025033271599274803,94.8662525773196,0.6555101277015712,24.375603608247424,0.4991901980753961,34.418618556701034,0.10802229643486498,9.559556412371133,0.11973243815167575,1.8303278350515466,0.047811217286209885,0.9972066319587628,2.941267989883546e-05,1.167213238723013,36.24894639175258,0.2833831384161167
10,13:07,13:16,13.01,2.067835202020202,0.28260011749578634,0.008000000000000002,1.7435516422837063e-18,2.5063333333333335,0.019791639133528997,95.15741212121212,0.6482069997658572,23.517797777777776,0.1917921888056134,32.66911616161615,0.4609811067240664,8.321380343434344,0.2075552383738157,2.7623833333333327,0.43956214467423405,0.9958991010101013,0.0018839952860493327,0.8282358832372131,35.431499494949485,0.3173732650225245
11,13:21,13:31,13.01,0.42103356481481485,0.0026220354021190087,0.008000000000000004,3.485621617500495e-18,2.484149074074074,0.018985917040364945,95.07810648148148,0.6750890066998158,24.13697027777778,0.251877098555144,30.171106481481484,0.26049477590799164,7.525328351851853,0.25348741081288967,5.194697222222222,0.05764271433213677,0.9813527407407407,0.0001134430682172769,0.17270846153817485,35.365803703703705,0.13146806720880877
12,10:40,10:46,19.01,1.5475398550724637,0.04437362390551507,0.008,0.0,1.8909608695652176,0.01566348289147595,64.9539347826087,0.457185334032853,12.02082536231884,0.13175299986069863,34.377739130434776,0.11435479518404885,12.070488695652173,0.24850948629610897,1.160965,0.028516242353107766,0.9948528376811594,0.00015118463011424055,0.8226187437871858,35.53870413043477,0.30059583552516883
13,11:00,11:06,19.01,1.9602907142857142,0.028703897241902643,0.008,0.0,2.050209285714286,0.018415363176752082,69.73899999999999,0.6290174882940136,11.51279857142857,0.06038172382304643,34.41732142857143,0.08922183864213501,11.010648,0.09659928106972851,1.0317265714285715,0.023561465939218842,0.9959346985714289,5.990520650197872e-05,0.9600438004064391,35.449048,0.27502991664484466
14,11:42,11:49,19.01,2.2445166666666663,0.03940563581772455,0.008000000000000002,1.745951576857101e-18,2.199450641025641,0.025998545780497644,74.8874076923077,0.9585247732735036,11.921385897435897,0.09279448215284838,34.38092948717948,0.18117817384457657,9.4249855,0.11025067547052836,1.0440601923076922,0.02721194051846945,0.9964473371794873,6.245885941332945e-05,1.0241269454522879,35.42498967948717,0.25753662484785356
15,10:28,10:34,19.01,0.8500971428571429,0.019734997761488668,0.008,0.0,1.9139057142857139,0.02619068113791446,65.16729,0.8150942798051115,11.912460428571428,0.0878675583805292,33.59798571428571,0.1274644869959259,13.226320142857142,0.26316197744989994,1.936399285714286,0.0544112164033933,0.9906722371428571,0.0002119488536685874,0.4483487020557813,35.534385,0.2815597695428106
16,11:12,11:18,19.01,0.8674799999999999,0.0156563373287217,0.008,0.0,2.08962,0.016419594162578106,70.13981999999999,0.4716482312984497,11.721597000000003,0.03928629935431071,32.84531428571429,0.19583633679032436,9.604473957142856,0.1356853706992052,2.3505471428571427,0.033805230585026845,0.9908592757142856,0.000163169701325465,0.4189661278127123,35.19586142857143,0.2767910347325235
17,11:52,12:00,19.01,1.3177299999999998,0.028658194702309934,0.008000000000000002,1.7444418908187557e-18,2.2201794444444443,0.023253784148305423,74.80092777777777,0.8717210381313787,11.907700666666667,0.07606048042641222,32.95543888888889,0.251333508988206,8.263227399999998,0.12470490443720379,2.1152033333333335,0.05815629503059313,0.9939628566666667,0.0001286183170155419,0.5971274093710643,35.070642222222226,0.31218989686355736
18,10:14,10:22,19.01,0.47364848314606744,0.005747577671807726,0.008000000000000002,1.7445520162499325e-18,1.9276578651685394,0.007952643567323166,64.88598314606742,0.1874429720765727,11.888928426966293,0.02228659100011792,32.95729213483146,0.12475393528564299,16.043045168539326,0.44106906028553444,2.4632342696629217,0.012917270845974925,0.983388013483146,0.00019976180770142537,0.24986201745087988,35.42052640449438,0.20875556484240512
19,11:19,11:27,19.01,0.436758,0.015191674053961197,0.008000000000000002,1.7444418908187557e-18,2.1115000000000004,0.022592967733594347,70.12974999999999,0.7586219915897484,11.854794777777778,0.12047506450217817,32.18822222222222,0.2753401584793085,9.363353622222222,0.23007730895513245,3.04627,0.06540830737878257,0.9819954333333334,0.0005134802148196508,0.21063604072933928,35.23449222222222,0.18331202401438018
20,12:02,12:10,19.01,0.3482114444444445,0.010187963961846846,0.008000000000000002,1.7444418908187557e-18,2.273205,0.019774308110170523,75.05248444444445,0.6507460321868977,11.932686444444446,0.0862519622745173,31.352044444444445,0.38093628477565183,8.348096188888888,0.7831462599306952,3.691396666666667,0.05612166548739136,0.9775252455555556,0.0005737057694705884,0.15670009719512518,35.043441111111115,0.14941887947102167
21,10:12,10:21,18.01,1.423808817204301,0.24715903523888466,0.008000000000000002,1.74412584010671e-18,1.8672645161290324,0.01374306659311849,64.98777204301076,0.1795685223247977,14.459404731182797,0.0952149994302528,34.21814516129032,0.41680181520199777,13.652446559139785,0.18379330008306372,1.3128545161290321,0.30958095463874236,0.9939506870967746,0.0027970649111176554,0.7667948514185549,35.53099967741935,0.2983232911942183
22,11:23,11:29,18.01,1.91761231884058,0.044649602631290475,0.008,0.0,1.9886898550724637,0.012952201663032556,69.57187536231883,0.37393648934080786,15.428407971014494,0.1913150181874334,34.52570289855073,0.13069155196943996,11.060489565217392,0.07761196232151596,1.0995945652173913,0.04604099181179817,0.9958432043478261,9.949952768847559e-05,0.96828186352387,35.62529746376813,0.2670335783287107
23,11:34,11:41,18.01,2.2174606249999997,0.041073924320645334,0.008000000000000002,1.7456682121588365e-18,2.163934375,0.024398331538916983,74.5177875,0.8489864305955913,13.523881,0.16063558514282314,34.452137500000006,0.09549912104440104,10.871479625000001,0.07770300234402346,1.0623973125000001,0.026515180127232554,0.9964040187500001,6.690953101158596e-05,1.0284325859003924,35.51453481250001,0.2591354628392483
24,10:40,10:47,18.01,0.7454608974358975,0.017438106964599815,0.008000000000000002,1.745951576857101e-18,1.869977564102564,0.019996926139492173,64.74304358974358,0.6723537076607287,14.63889653846154,0.223865202767067,33.49642948717949,0.12220933510475616,13.655673461538463,0.36718543523171476,2.031417307692308,0.04338423678881825,0.989376673076923,0.0002478548735785569,0.4029251002257329,35.5278467948718,0.24766822724499768
25,11:10,11:16,18.01,1.0811528571428575,0.025033005583229927,0.008,0.0,2.0381864285714286,0.025739752317745456,70.28185,0.6597138568887386,14.786389000000002,0.4372663889360676,33.45332857142857,0.21305415188540835,11.853357999999997,0.44605489374473084,2.058126428571429,0.04925413005667392,0.9926511828571429,0.00016213201989667326,0.5343735204371114,35.511455,0.2868170698130628
26,11:43,11:50,18.01,1.3658825,0.05986466916240373,0.008000000000000002,1.7456682121588365e-18,2.1879712499999995,0.01555056019789494,74.91237749999999,0.5866985679323956,14.419344999999998,0.1425018636253886,32.98533125,0.20790759789926044,9.731297899999998,0.19831851719173652,2.069878125,0.07575754039578914,0.9941677575,0.00021719129861990546,0.627925298378578,35.055209375000004,0.3052048239350805
27,10:30,10:36,18.01,0.3717203623188407,0.0030899544684015253,0.008,0.0,1.8873898550724635,0.011790386100143296,64.88852028985507,0.42016129451176,15.335962173913043,0.34551141569150173,32.89965217391305,0.17710609366795463,14.22564304347826,0.1550782230919794,2.5881217391304343,0.03635227709335581,0.9789304797101445,0.00017399161286387214,0.20118809121407613,35.48777391304348,0.15627329590913955
28,10:58,11:07,18.01,0.49530958333333336,0.010163025519957052,0.008000000000000002,1.743829698523778e-18,2.0353656250000003,0.017033859952119503,69.67881145833333,0.6092235280506506,14.7823578125,0.7139703392942921,32.89869791666667,0.2606567563428831,14.140668333333332,0.5222568737189264,2.8364390624999998,0.04901298496216406,0.9840986031250001,0.0003308668421786802,0.24728214781230434,35.73513697916667,0.1935795984573815
29,11:53,11:59,18.01,0.4399558088235294,0.005117619885382679,0.008,0.0,2.236369117647059,0.01791244883008547,75.4286161764706,0.7239286582749221,14.599252794117646,0.11743835941559144,31.572867647058814,0.32707264035989453,9.684102176470589,0.4902056793629282,3.494313970588235,0.05599256803401588,0.9821387985294117,0.0002036833579267394,0.200304952026361,35.06718161764705,0.16910632774175002
30,15:30,15:36,15.01,1.5860384057971013,0.07091342492212492,0.008,0.0,1.9430847826086954,0.021636297294449682,70.2708304347826,0.7747692474887083,19.062512898550725,0.43306586239040534,33.94538405797101,0.35344773664041473,10.294693188405798,0.2150604645517487,1.5907043478260872,0.06547700524697607,0.9949710927536234,0.00023330691999447583,0.8203648240490151,35.5360884057971,0.2868484956802662
31,09:49,09:54,15.01,2.2776016666666674,0.05076021060068589,0.008,0.0,2.03995,0.013233544306619221,74.72558833333332,0.7054217935467644,20.321555999999994,0.3726742607257146,34.008541666666666,0.10915687248512769,12.486246333333334,0.016290393026927048,1.2239782499999998,0.03466954571164288,0.9964981549999999,7.702644367633141e-05,1.1204204351413845,35.23251991666667,0.2692788873448868
32,11:01,11:05,15.01,2.5555916666666665,0.034826970982292156,0.008,0.0,2.2119520833333333,0.02431107128566608,80.01717708333334,0.835411624682793,20.029798958333334,0.09861128022824546,34.53939583333334,0.14213018299587088,10.083767729166667,0.22474093883845228,1.2179003125,0.025916844978192657,0.9968788333333333,4.206550278819178e-05,1.1589725139088116,35.75729614583334,0.2528985309865535
33,11:20,11:26,15.01,2.5772934782608696,0.02525784373371423,0.008,0.0,2.3620528985507243,0.01750987092214404,85.04620724637681,0.6833186345111969,19.269486666666666,0.12516269202717806,34.41055072463769,0.07242578071862596,9.400111579710147,0.06444587750640643,1.2202997826086956,0.01874713628003078,0.9969052782608695,3.0367120714027786e-05,1.09451125326072,35.630850507246386,0.22570212174911367
34,12:30,12:39,15.01,2.65257,0.027023527908214717,0.008000000000000002,1.7434626923745965e-18,2.491033,0.013991904621941054,89.98262500000001,0.5934174207312025,19.2273829,0.14643739674773162,34.136015,0.07003568552869854,7.518449019999999,0.07526311002976911,1.34929185,0.02686236310045914,0.9969928220000002,3.056523270817511e-05,1.0680589137117011,35.48530685,0.22468142758649667
35,14:06,14:12,15.01,2.7118507142857147,0.05658208702359933,0.008,0.0,2.6056478571428574,0.01918696801786117,94.94872000000001,0.9429408007913873,19.463332285714284,0.2674594262723716,33.91832857142857,0.13447115648147684,7.397627457142858,0.2960345859378785,1.5254042142857145,0.11446357766896641,0.9970573671428572,6.288916572535751e-05,1.0438289682275343,35.44373278571428,0.23260286912973246
36,15:21,15:28,15.01,1.1594275641025642,0.062113924786885766,0.008000000000000002,1.745951576857101e-18,1.919944871794872,0.031776048308234384,69.93206282051284,0.9205845705077157,19.265299102564104,0.6419864652620829,33.52066666666667,0.2976067381004175,11.267403205128204,0.735585516130886,1.9868923076923073,0.05284508422808056,0.9931276641025639,0.000375000084839596,0.6080526484133826,35.50755897435898,0.27055589613125336
37,10:07,10:13,15.01,1.2294874999999998,0.024411543597669023,0.008,0.0,2.122078676470589,0.024018795992070272,75.32054852941175,0.4915993646974523,18.975342647058817,0.5852480823117706,32.88219852941177,0.23226317001853472,11.208372205882355,0.11997684229094469,2.2893882352941177,0.03085980832691059,0.9935328852941175,0.00012652160014360388,0.5831487370007277,35.171586764705886,0.27752116422713063
38,10:48,10:56,15.01,1.8320691011235954,0.025176227181448983,0.008000000000000002,1.7445520162499325e-18,2.2361511235955054,0.033179345623383115,80.00201123595507,0.684781041720338,19.17126808988764,0.5983707453461296,33.81447191011236,0.17326764896905752,9.883104292134831,0.21044346915875717,1.891688764044944,0.060015213389837944,0.9956515292134831,6.072945257123526e-05,0.8228733209072874,35.7061606741573,0.2916040614440407
39,11:30,11:40,15.01,1.7730183962264152,0.02031174692432189,0.008000000000000004,3.485928977989387e-18,2.3876707547169813,0.021920378502906644,85.07196320754717,0.7063371693631167,18.77717179245283,0.3530884902948003,33.09966509433962,0.266048623569686,8.02490600943396,0.08970474542328882,2.2400603773584904,0.05473194145190117,0.9955076066037735,5.1365493825861104e-05,0.7459229429802708,35.33972547169811,0.2918802854247221
40,12:17,12:25,15.01,2.185181818181818,0.03802755140186829,0.008000000000000002,1.7446646661074256e-18,2.4926125,0.0163301590570204,89.82613522727273,0.6999067880533563,19.264113863636364,0.21700791532484798,33.45840340909091,0.15513992308677668,6.718832170454546,0.09466103858240382,1.9699142045454543,0.06261053671232947,0.9963513079545456,5.917210087705755e-05,0.8798727512526788,35.428317613636366,0.27397769873900685
41,14:15,14:21,15.01,2.103054,0.36515380434844835,0.008,0.0,2.609242857142857,0.028680993158013552,94.89371999999999,1.094632598491914,19.716811428571425,0.25330863450891317,32.90417857142858,0.8153267773610697,7.593173457142858,0.3517324142627351,2.40816,0.6797971244998473,0.9958343242857142,0.00225225926928236,0.8090676550942529,35.31233857142858,0.29222665670661147
42,15:11,15:18,15.01,0.5184377848101265,0.014321615784675591,0.008000000000000002,1.7458080838158182e-18,1.9661588607594933,0.030243593048451825,69.99258101265822,0.7832095678673494,18.573274810126584,0.3076899640741482,32.695683544303805,0.4015957766245324,16.023267848101263,1.114490211071194,2.807464556962025,0.07006927211233527,0.9847927569620254,0.00040145706309467334,0.26774936416214745,35.50314810126583,0.1836968802212943
43,10:21,10:26,15.01,0.40169483050847454,0.004277271323025618,0.008,0.0,2.1592305084745766,0.020221817376607335,75.10537966101695,0.5256576415604721,18.362838474576268,0.24636365235725305,31.79873728813559,0.21182196810489062,11.139802033898306,0.2789240012841197,3.5046406779661012,0.04465986827135962,0.9804711491525423,0.00020578326761918025,0.18974112717493516,35.30337796610169,0.1467354033988009
44,10:34,10:44,15.01,0.4243348165137614,0.032250001801080945,0.008000000000000004,3.485472196361535e-18,2.280340366972477,0.01701586470667701,79.8946376146789,0.7605291368014025,18.838855779816512,0.4391709938987605,31.629050458715597,0.1530576166168065,11.438279266055046,0.09548466535509696,3.8932087155963297,0.08677424942429551,0.9814369394495412,0.0008001077051361312,0.1895922305176557,35.52225917431193,0.15059905303298482
45,11:42,11:50,15.01,0.42777159090909095,0.005754734010523024,0.008000000000000002,1.7446646661074256e-18,2.421324431818182,0.02126416633184571,84.87758863636364,0.7252738381667665,19.1820925,0.2900763801050123,30.47579545454545,0.46269249884221003,6.915637045454546,0.770549885201559,4.363317613636363,0.05654099877536363,0.9816385863636363,0.00024180540726858867,0.17997240897696157,34.83911306818182,0.14460435019722262
46,12:02,12:08,15.01,0.4342053731343284,0.004632366313418182,0.008,0.0,2.536116417910448,0.019209466156156513,89.83954029850747,0.7018317365164726,19.442784328358208,0.3161216860555724,30.59132089552239,0.14246208165079166,8.468829283582087,0.06275883280362143,4.763460447761194,0.05617148495921882,0.9819069164179103,0.00019086718656748913,0.17436319958003718,35.354781343283584,0.1450272529756426
47,14:23,14:32,15.01,0.35730540816326534,0.007094871556906779,0.008000000000000002,1.7436424215325787e-18,2.6849510204081635,0.02050157899324037,95.07154285714286,0.9172854444489664,19.057513775510202,0.2602630029492382,29.51494387755102,0.6533730556968068,6.711548836734694,1.059345858066716,5.351908163265306,0.07931184591059687,0.9780923530612246,0.0004233280527537267,0.13605663767666495,34.866852040816326,0.12114517409525363
48,12:46,12:52,19.01,2.640902857142857,0.029227177254554565,0.008,0.0,2.0324871428571436,0.012965496815026224,90.25654,0.568103219443464,29.163021428571426,0.23729283749297142,34.22752142857143,0.0923028818506209,7.884753942857141,0.04904366829817714,2.0482949999999995,0.03719797811826547,0.9969795200000003,3.348165234092152e-05,1.303281482715406,36.27581642857143,0.3169273759807688
49,13:54,14:01,19.01,2.856791772151899,0.0325051854151072,0.008000000000000002,1.7458080838158182e-18,2.2596772151898743,0.022600809489513984,95.122882278481,0.5068740327404203,28.295470759493668,0.4267981546254898,33.83088607594938,0.10172940317480415,6.871175430379747,0.04586401147642708,2.003707594936709,0.04068452903888495,0.997207107594937,3.22306343054412e-05,1.2677880508306045,35.834593670886086,0.295869684721144
50,13:08,13:14,19.01,1.4935992537313432,0.02062124252740458,0.008,0.0,2.0370373134328363,0.0444972959199562,90.23791343283582,0.8466092499432984,29.022084029850745,0.6794710170777454,32.42312686567164,0.24804667729236932,7.022896104477612,0.046034306275282294,3.208148507462686,0.05451111991794219,0.9946713477611939,7.369074683536313e-05,0.7371486245388567,35.63127537313433,0.29162683885205787
51,15:06,15:15,19.01,1.8592610465116277,0.03195605383239595,0.008000000000000002,1.7448978944576563e-18,2.2662674418604656,0.029184427523073344,94.99871511627906,0.7476291111817797,28.072377093023253,0.49668140269040584,32.52209302325581,0.39938641550749904,6.606676093023257,0.22770768951632234,3.0969348837209307,0.03615963631207612,0.9957144302325581,7.264694652871124e-05,0.823936756986952,35.61902790697675,0.3100035633335654
52,13:19,13:25,19.01,0.37974348484848486,0.0019997261292673514,0.008,0.0,2.0307439393939393,0.04008459181737417,90.26620454545456,0.5424385408453254,29.16260575757576,0.5514080156083238,30.833000000000002,0.11333795616514485,7.022880045454545,0.29866637157776676,4.628293181818183,0.04438331104087489,0.9793672969696969,0.0001062651733523213,0.19093666972321685,35.461293181818185,0.11353951636689161
53,15:18,15:27,19.01,0.46718765306122456,0.00526954428887482,0.008000000000000002,1.7436424215325787e-18,2.3052020408163263,0.02885816355972004,95.43380000000002,0.6707472138954093,27.488849183673466,0.42979215737082843,30.291785714285712,0.4533953237381579,6.444555530612245,0.7501768547779243,5.016933673469389,0.05498843026178472,0.9831624857142858,0.0001870140112728748,0.2061370954248112,35.308719387755104,0.13563492488883966
54,14:39,14:46,18.01,2.0577189873417723,0.08286922981567664,0.008000000000000002,1.7458080838158182e-18,1.6179341772151903,0.039797961344759374,79.74327974683544,0.42776788229483975,28.638997088607596,0.4554592617915148,34.40662658227847,0.17593684160243753,8.045582683544303,0.14237427301807096,1.9028677215189878,0.06887652275666692,0.9961205177215191,0.0001701447157489972,1.2767633049802527,36.30949430379746,0.31678415790103504
55,14:55,15:01,18.01,2.2178742647058822,0.03955572443113852,0.008,0.0,1.737425,0.031335642645396636,84.68716617647058,0.5505463055098416,30.05024058823529,0.507368069444842,34.521794117647055,0.10209427291428433,8.044304970588236,0.0711299763684638,2.0987823529411767,0.043842367538671566,0.9964047544117646,6.442109238770924e-05,1.2811340142486047,36.62057647058823,0.32110180957068707
56,14:32,14:38,18.01,1.8503029850746269,0.04603132158337294,0.008,0.0,1.555092537313433,0.0262301053812786,80.02882089552241,0.623287131297936,29.468122985074626,0.3056131451490987,34.79432089552239,0.15539343277854745,8.652376149253733,0.46446668535498237,2.1097611940298506,0.030998137555118134,0.9956924074626866,0.0001060788447669981,1.1949790385368437,36.90408208955224,0.3190078724417959
57,15:16,15:23,18.01,1.1886570512820513,0.016321459709116005,0.008000000000000002,1.745951576857101e-18,1.837053205128205,0.04105718797481062,84.84889230769231,0.568068175387525,28.80467076923077,0.46980874799805994,32.353500000000004,0.29784725449966254,7.8618527435897425,0.14575492539105359,3.1273903846153845,0.03175183812829542,0.9933134512820513,9.083941124147543e-05,0.651400323050817,35.480890384615385,0.26499196166446065
58,14:14,14:24,18.01,0.40420288461538456,0.0028332298023229113,0.008000000000000004,3.486248246110951e-18,1.5596735576923078,0.030918740944431627,79.94222884615384,0.708218720901636,29.260421826923082,0.330509355811835,31.93437980769231,0.2799487079857223,14.620305,1.0910984328674591,3.652273557692308,0.052833356334695145,0.9805911778846154,0.0001333217590939661,0.264287922676127,35.58665336538462,0.13597075030937758
59,15:05,15:11,18.01,0.4548470072463768,0.07498391870234249,0.008,0.0,1.8915659420289856,0.054692021740965435,85.06174927536232,0.7253050730601711,28.18028434782609,0.5537665279925611,30.826804347826087,0.42982927713316416,6.951469623188405,0.5206410505896468,4.11669347826087,0.08109691547456346,0.9793478855072464,0.024262217858493938,0.24468986090429634,34.943497826086954,0.13754952022536981
60,13:08,13:16,18.01,2.0173448863636363,0.06344980505018498,0.008000000000000002,1.7446646661074256e-18,1.5734846590909093,0.07896550365633426,71.22637954545455,0.6198385924789038,24.40023579545455,0.5612304728102834,34.24119886363636,0.11199198297899433,8.763447409090908,0.07947678691546002,1.4312018181818182,0.029967340663234244,0.9960462318181817,0.00012338758720842097,1.2871716763567254,35.67240068181818,0.31272710389723435
61,12:55,13:02,18.01,2.194091558441558,0.11941375174339862,0.008000000000000002,1.74609883376934e-18,1.7562668831168828,0.0741696333673116,74.61898181818181,0.6658050581473115,24.27243688311689,0.8976323144444468,34.25490909090908,0.2629544152919494,8.61164483116883,0.22412910331591215,1.4903458441558441,0.10829366546815204,0.9963534272727271,0.0002576084685374325,1.2538479086580856,35.74525493506493,0.30756161966091783
62,13:28,13:35,18.01,0.9636301282051283,0.014031722732454947,0.008000000000000002,1.745951576857101e-18,1.4806153846153844,0.02375291685122185,69.92954102564102,0.5546150609454329,24.60871923076923,0.39186548349560557,33.37076282051283,0.1839233275523133,9.310067512820511,0.09640858391077864,2.2201846153846154,0.03701898714971021,0.991764708974359,0.00011961940313647575,0.6562339810196731,35.59094743589745,0.2552412410670165
63,12:47,12:54,18.01,1.539810625,0.018189542992829003,0.008000000000000002,1.7456682121588365e-18,1.82726875,0.03836609161433431,75.29175125,0.457499701872698,23.694936375,0.5741470951762719,33.489718749999994,0.10080617583771963,8.430044850000002,0.0734258932095672,2.074186875,0.033890489819967826,0.99483066625,6.161385456507754e-05,0.8470623847750913,35.563905625,0.29859995444331267
64,13:36,13:43,18.01,0.4100041025641025,0.12249645470550533,0.008000000000000002,1.745951576857101e-18,1.593517948717949,0.059800271996058106,69.70947179487179,0.5040084290929431,23.392068333333338,0.4692411556983064,32.08179487179487,0.30756370299814517,9.942216333333334,0.589810452378254,2.884923076923077,0.16912683507845921,0.980042521794872,0.0028862674782065114,0.26231527727717413,34.96671794871795,0.14416989844642125
65,12:32,12:38,18.01,0.4178225735294118,0.003136772094624857,0.008,0.0,1.7438566176470587,0.05475786381500806,74.67408823529411,0.6274267224930192,24.355734264705884,0.5661784864645353,32.15845588235294,0.30286269406683075,13.208691911764706,0.3576269469389682,3.2786602941176466,0.048176517441052426,0.9812118308823529,0.00013807325576453225,0.24418439521935204,35.43711617647059,0.14389450617007293
66,10:36,10:43,20.01,1.8573405063291142,0.03144231906118682,0.008000000000000002,1.7458080838158182e-18,2.1008582278481014,0.012517122709384104,72.82541898734176,0.5059238807334527,15.180882278481011,0.1155096596576631,34.096208860759496,0.10893957415887143,11.79484341772152,0.04898921940240124,1.3481367721518986,0.04360030098724306,0.9957099924050634,7.495613892197178e-05,0.8878945192983217,35.44434563291139,0.2861122883815227
67,10:45,10:52,20.01,1.3402259493670887,0.018701638247105735,0.008000000000000002,1.7458080838158182e-18,2.130432278481012,0.0061321872429821195,73.19648101265823,0.2379781384464729,14.73852772151899,0.10355977451359218,33.292917721519,0.20850657049199126,11.08753025316456,0.10404773139106592,1.969889240506329,0.027454187564019964,0.9940651354430383,8.36093250810334e-05,0.6328414955899783,35.26280696202532,0.3030432179329575
68,10:54,11:01,20.01,0.3287188125,0.005222266424644415,0.008000000000000002,1.7456682121588365e-18,2.179941875,0.01723502366530639,72.94720625,0.7261942196437453,14.757164375000002,0.3457105794833201,31.40468125,0.34499479214332,10.665651449999999,0.6565279523613946,3.47550375,0.06710297998202729,0.9762357099999999,0.00036650118054621907,0.15446228927548816,34.880185,0.1366097822831097
69,12:02,12:10,20.01,2.485307865168539,0.041869843575926144,0.008000000000000002,1.7445520162499325e-18,2.305551123595506,0.019126917576962416,79.99861348314606,0.8327356319809329,14.753681460674159,0.19085858750984,34.29224157303371,0.15432201634671475,9.246569258426964,0.035685355021202604,1.0759066853932584,0.03157848691377619,0.9967905134831461,5.4045299162768724e-05,1.081436815541191,35.36814825842696,0.2376078743955942
70,12:15,12:22,20.01,1.5578367088607594,0.021250869829649684,0.008000000000000002,1.7458080838158182e-18,2.328657594936709,0.020329429672476786,79.87254936708862,0.8197114395139953,14.10322240506329,0.10342691486504114,33.01351265822785,0.15298011800355527,8.262028506329115,0.12432929447071792,2.179441139240506,0.03786439430887282,0.9948899898734176,6.92507883782492e-05,0.6724203301788203,35.19295379746836,0.312535857307207
71,12:37,12:44,20.01,0.36366826666666663,0.004943819885782962,0.008000000000000002,1.7464052475356312e-18,2.384592666666667,0.019477392808860003,80.21163066666668,0.6903825232225758,14.087161333333334,0.17472176422957583,31.184459999999998,0.2778266370783591,8.56400732,0.5490960354670446,4.099209999999999,0.05874440801449077,0.9784717026666666,0.0002835277992821257,0.1558623709038776,35.28367,0.14410137390196912
72,12:27,12:34,20.01,1.0399582278481012,0.016533383924614512,0.008000000000000002,1.7458080838158182e-18,2.343910126582278,0.018903161416076245,79.97297721518987,0.7570194186699754,13.862007468354431,0.09100499638958064,32.428196202531645,0.16059703149141935,8.17500475949367,0.11983651951927132,2.8837974683544303,0.04511260618827453,0.9923642569620251,0.00011906342274941773,0.4470982978243107,35.311993670886075,0.28164367859345396
73,11:17,11:26,20.01,2.642305102040816,0.03283929119006327,0.008000000000000002,1.7436424215325787e-18,2.4404122448979595,0.018251747637300246,85.08422142857142,0.7599754744075823,14.584858265306123,0.2930316291363091,34.29569387755102,0.10857620329009508,10.619689591836734,0.12194521330193478,1.1579220918367348,0.02310975915066595,0.9969810214285714,3.747034084845135e-05,1.0860071316154345,35.453615969387755,0.239534084111504
74,11:27,11:37,20.01,2.026521962616823,0.10131666060388646,0.008000000000000004,3.485773851318728e-18,2.438910747663551,0.01967670904091964,84.89891588785046,0.8593913449656094,15.119723925233648,0.16448088624263968,33.42059345794392,0.23973977766431184,9.671765803738317,0.18348647548270383,1.8928118691588784,0.10969862895705759,0.996060055140187,0.00015914784643599885,0.8341928726034243,35.3134053271028,0.30284323606768604
75,11:41,11:49,20.01,0.363115388888889,0.004372709174096019,0.008000000000000002,1.7444418908187557e-18,2.5190794444444444,0.024612670180127864,85.01538222222221,0.8665362862631526,14.240195888888891,0.19624743947027481,30.36860555555556,0.5852872841818525,8.187232411111111,0.6944639107362914,4.5557099999999995,0.07493467874523578,0.9784403966666665,0.0002530983773959224,0.1473218281016677,34.92431555555556,0.14085649571398864
76,15:26,15:32,20.01,1.102108695652174,0.01805254983725563,0.008,0.0,2.0112304347826093,0.05901735550902608,79.93456376811594,0.7859603991990448,23.72236826086957,0.8215882947913191,32.54524637681159,0.26811298133200934,8.016387420289856,0.21199348810603805,2.846930434782609,0.040805389293528616,0.9927916101449277,0.00011743846341673939,0.5519550005080168,35.3921768115942,0.2575580446405011
77,15:05,15:11,20.01,1.1692557971014494,0.015069885085415824,0.008,0.0,2.181179710144928,0.05023121416395722,84.82714782608696,0.8989588783058488,23.858094492753622,0.5826234226439422,32.16554347826087,0.146599262174394,7.399684217391305,0.08551510501760859,3.13665652173913,0.051073963029008185,0.993203428985507,8.76578510651945e-05,0.5397335174290737,35.3022,0.2620110023100194
78,13:45,13:51,20.01,1.576547857142857,0.04424179235738295,0.008,0.0,1.2934035714285714,0.016873401849022394,82.76180000000001,0.28778713550525337,34.51298442857142,0.32324056973202353,34.33242857142857,0.13472003406190114,9.07489697142857,0.035874050388874666,2.652816428571429,0.04791396934167045,0.9949472942857139,0.0001433575603580171,1.2250993364682883,36.985245,0.3031733534261956
79,13:56,14:02,20.01,0.7325878571428571,0.016768108177828353,0.008,0.0,1.3004964285714284,0.021908775492523097,83.07150999999999,0.4861750409865364,34.59868085714285,0.21473099911043314,32.38572857142857,0.19548545454830865,8.499537242857144,0.2036435805897965,3.51048,0.03316963907735116,0.9891921528571428,0.0002514517971621372,0.5694655063039115,35.89620857142857,0.1909912986816773
80,14:04,14:10,20.01,0.3160294285714286,0.004900714125930971,0.008,0.0,1.3003014285714287,0.01830965527230035,82.79795000000001,0.7954382658070619,34.59305257142857,0.33001277651896455,31.70556428571428,0.28470843109221344,9.633389714285714,0.5335282933093871,3.912668571428571,0.05518210181071796,0.9753053428571428,0.0003703304922619323,0.2491956260691202,35.61823285714285,0.09478312101636281
81,14:20,14:27,20.01,1.9896740506329114,0.04617448989123057,0.008000000000000002,1.7458080838158182e-18,1.462037341772152,0.029223214196447283,86.30291772151897,0.31504546629933855,34.337296455696205,0.4227243404699315,34.396582278481006,0.13731333320837133,9.1137602278481,0.1220701151718783,2.3391664556962026,0.0694654275389873,0.9959931911392409,9.449083416392019e-05,1.3663632203890963,36.73574873417721,0.31189025304495926
82,14:30,14:36,20.01,1.3490000000000002,0.017911176141427208,0.008,0.0,1.4094765151515152,0.019232430982981625,85.73403333333334,0.43889304088050207,34.69464984848484,0.2501271562194678,33.41189393939395,0.1354589212540811,8.233069409090911,0.08881849110439129,3.036454545454545,0.030358127447158264,0.9941036212121211,7.779211452059809e-05,0.9627687906911497,36.448348484848495,0.2819453257436059
83,14:38,14:45,20.01,0.4644508125,0.009030611213447812,0.008000000000000002,1.7456682121588365e-18,1.4868606249999998,0.0437650499927768,85.909675,0.6823452963256369,33.769709999999996,0.24142950290595744,31.270950000000006,0.2028139011039742,7.943168324999999,0.4720328465527082,4.076915625000001,0.04862283127424212,0.98306056875,0.00034328315123592976,0.31775057093868503,35.347865625000004,0.13727477346545766
84,09:46,09:52,20.01,1.1581485507246378,0.0512483607851298,0.008,0.0,1.687413043478261,0.06589180841046194,64.9254884057971,0.7819625420802074,19.783133333333332,0.6779604608019439,33.87026086956523,0.254895878521933,11.673575072463768,0.05816227733483345,1.6308565217391304,0.04978893016660982,0.9931259884057972,0.0003205819866394865,0.6910866045700691,35.50111739130436,0.2681851959949316
85,09:57,10:03,20.01,0.7687021428571428,0.02359080734086455,0.008,0.0,1.7185542857142857,0.053078285594547185,65.15455,0.5589146116500637,19.498626857142856,0.6816780998103095,33.46907857142857,0.14841739115726824,11.949659285714285,0.19052414362064718,2.0477914285714287,0.06086781589988554,0.989690592857143,0.000315826704601661,0.45195089227822716,35.51687,0.22552428535757207
86,10:07,10:13,20.01,0.29281572463768113,0.00952687299306555,0.008,0.0,1.747703623188406,0.07291425782405248,65.20400724637682,0.5213910904603414,19.32694884057971,1.1246300608102417,32.56724637681159,0.2682947186451046,12.907308985507246,0.5204233561024108,2.7114065217391303,0.03002313558036078,0.9733793652173912,0.000842722178389088,0.17212055902756035,35.27865289855072,0.1172701551970846
87,14:37,14:43,21.01,1.5408117647058823,0.01955615358673554,0.008,0.0,2.627964705882353,0.019688509147457463,94.8844985294118,0.8671183620927428,19.557349117647057,0.30881594444827226,32.20451470588235,0.1413776030571352,6.826925632352943,0.05407002834713363,3.220416176470589,0.06115000911703262,0.994833961764706,6.477615654344332e-05,0.589357901664003,35.42493088235294,0.29069611745313895
88,14:46,14:52,21.01,0.8779614285714286,0.007462069162804389,0.008,0.0,2.6572385714285707,0.01950821857916569,95.00152000000001,0.8695939768200674,19.038119714285713,0.08043964807559675,30.866221428571425,0.1443489289959487,6.226172714285714,0.23077468511516627,4.29777,0.06778686675417167,0.9909696299999999,7.563011506237459e-05,0.33341433399979686,35.16399142857142,0.22895765410939903
89,14:56,15:04,21.01,1.1962932584269665,0.010785607494931822,0.008000000000000002,1.7445520162499325e-18,2.5461595505617978,0.01551375466760445,90.72332134831461,0.7554935562374733,18.75464573033708,0.40235562010401954,32.05033707865169,0.09818601245273557,6.781442426966293,0.11058746467223941,3.457452808988764,0.03841626694362108,0.9933565820224718,5.985787629839239e-05,0.4729842079854128,35.50778988764045,0.2708963859556399
90,15:08,15:14,21.01,1.114473188405797,0.011986375782130812,0.008,0.0,2.4110652173913047,0.016803954594843885,85.51952898550726,0.5284665688968441,19.072374492753625,0.28184856902315575,32.13247101449276,0.10843586760283308,7.110325565217392,0.06610684021706568,3.16514347826087,0.02255985325529083,0.9928720913043477,7.626558421094849e-05,0.4655507367902213,35.29761449275363,0.2592248015669611
91,15:26,15:32,21.01,0.882835,0.014551697819164947,0.008,0.0,2.2907864285714292,0.022440434716120047,80.14946,0.7303047925154359,18.101255714285713,0.2903831988720481,32.164585714285714,0.14165796149115745,7.319363857142856,0.15075053865621416,3.080507142857143,0.04998149315881923,0.9910172842857145,0.00014788112503218804,0.38887736931265954,35.24509285714286,0.23436092876535977
92,13:25,13:33,21.01,2.8807067415730336,0.0433898836076945,0.008000000000000002,1.7445520162499325e-18,2.701076404494382,0.016016844985485463,94.908,0.7265466305500542,12.995154943820225,0.1395557202023263,34.249331460674156,0.08385668048888502,8.068429460674158,0.12095323454777658,1.383337415730337,0.04856901469764654,0.9972299764044943,4.1678406286253755e-05,1.0694650239313666,35.632668876404495,0.24371932568063273
93,13:37,13:44,21.01,2.242982051282051,0.02149079080080788,0.008000000000000002,1.745951576857101e-18,2.7228519230769233,0.01978098825270736,94.9934717948718,0.8352048253171797,12.855497435897435,0.10458630589304212,33.01421153846153,0.25163463669498154,7.176646076923076,0.09400273404655725,2.195767307692307,0.052383882612807624,0.9964456807692306,3.4001031526338874e-05,0.8267001345921001,35.20997884615384,0.3067235853817618
94,13:46,13:53,21.01,1.529183125,0.02777699843412699,0.008000000000000002,1.7456682121588365e-18,2.74225,0.017473574985812458,94.84698625,0.7854932728593399,12.600003749999999,0.13710322532075764,31.866843749999997,0.2923575233843496,6.303023550000001,0.21928704191220483,3.2830068749999994,0.04713255260886273,0.99479394625,9.757415089288266e-05,0.5605554289360927,35.149850625,0.32161236588234243
95,13:55,14:02,21.01,0.43856044303797465,0.06610454586074278,0.008000000000000002,1.7458080838158182e-18,2.795926582278481,0.0189651076971447,94.90305569620254,0.828249935916292,12.352437215189873,0.08285995002283329,29.354234177215197,0.43239301207797687,5.416599050632912,0.6136039767444158,5.390760759493672,0.1283984307933123,0.9818406139240503,0.001685461347611041,0.159718229322767,34.74499493670887,0.16147751149564893
96,12:35,12:44,21.01,2.797245,0.02655091877654686,0.008000000000000002,1.7434626923745965e-18,2.5904875,0.015598838300114874,89.891604,0.6657321228375402,12.624469,0.06521831208574112,34.19965,0.099097276461163,8.90826658,0.05440756010249564,1.22411055,0.02711786442843704,0.9971479469999999,2.719708635241464e-05,1.0829023494612502,35.42376055,0.23879218610999492
97,12:49,12:55,21.01,2.1275920289855073,0.030550142754057062,0.008,0.0,2.6038471014492752,0.01572939334508049,89.94323478260868,0.6733399405479262,12.748026666666666,0.04582043837141909,33.14980434782609,0.08865946987471478,8.26390668115942,0.07341817091126472,2.050943478260869,0.04004496361907693,0.9962532057971015,5.329344922788577e-05,0.8201679844399689,35.20074782608696,0.3091666187776746
98,12:57,13:04,21.01,1.450334810126582,0.01071488108035036,0.008000000000000002,1.7458080838158182e-18,2.6246170886075952,0.012046009249997387,90.08370632911394,0.5290382123132821,12.63268734177215,0.04941001317362296,32.090316455696204,0.18441579930534874,7.102433253164556,0.1521932704252391,3.0606702531645578,0.03175589135629042,0.9945140075949366,4.036176081949112e-05,0.5556371694966956,35.15098670886076,0.3194188475876163
99,13:07,13:13,21.01,0.5831842857142858,0.005022756495763548,0.008,0.0,2.6525914285714283,0.02145692512012765,89.85528000000001,0.80481584383805,12.555457857142859,0.031280683111487906,30.462521428571428,0.3222389229239774,6.56197402857143,0.4952363351363998,4.60673142857143,0.06173816918375121,0.9864668771428575,0.00011529124955347618,0.22287046521622528,35.06925285714286,0.20284308158461717
100,11:49,11:55,21.01,2.647185714285714,0.027879196106942478,0.008,0.0,2.4723907142857144,0.016884688400469586,84.96814000000002,0.6863391045924413,12.049211142857141,0.05804687787089849,34.33412142857143,0.06240752205883324,10.240406,0.01711773886259844,1.1477147142857145,0.02311323950676094,0.9969866971428573,3.182166781366674e-05,1.0739345116222094,35.48183614285714,0.24580018217985153
101,11:57,12:04,21.01,1.866233766233766,0.1167675095180586,0.008000000000000002,1.74609883376934e-18,2.4888746753246753,0.015409396960810319,84.90396363636366,0.5920970923912579,12.23131116883117,0.16771462558209452,32.975285714285725,0.2558531320659765,9.043216584415584,0.21999000902901972,2.0929125974025973,0.1616047860596191,0.9957176974025975,0.00022656311945775526,0.7530446529973515,35.06819831168832,0.32091150142102565
102,12:07,12:14,21.01,1.0479743750000001,0.010385170762020675,0.008000000000000002,1.7456682121588365e-18,2.50202375,0.01930947818520247,84.83542,0.7872335816007854,12.488030875,0.045964439645044236,31.865812500000004,0.2251937755592569,8.19496045,0.29682108149198805,3.28136625,0.053049460904095805,0.99242334875,7.431333252400706e-05,0.4220481020613813,35.14717875,0.2891606187077149
103,12:16,12:22,21.01,0.3878093571428572,0.04638466742019602,0.008,0.0,2.539199285714285,0.019927489011989992,84.86805000000001,0.755669897402682,12.513670428571428,0.04330685507994209,30.46203571428572,0.3139135314505304,8.108361885714288,0.46012984956172626,4.563799285714286,0.11633568573247302,0.978794212857143,0.008971451101146742,0.1558795953392507,35.02583500000001,0.15456592704371913
104,10:46,10:53,21.01,2.079733544303797,0.04288945369853652,0.008000000000000002,1.7458080838158182e-18,2.3338050632911393,0.021124036307766592,79.95019620253164,0.8177955004928917,12.93870987341772,0.18143120778321475,34.06867088607594,0.04424573614658811,11.664798734177213,0.01033757217034779,1.5035086708860759,0.04647092386166818,0.9961664962025317,7.861773213408686e-05,0.8945620939564115,35.57217955696202,0.29586420774097505
105,10:57,11:06,21.01,1.6900348484848486,0.03163193656648604,0.008000000000000002,1.7435516422837063e-18,2.3500424242424245,0.022957988876353103,79.99661414141414,0.8696966308995216,12.488427474747473,0.06596970832910676,33.39661111111111,0.17504685313838383,10.975875555555556,0.07033853194347832,2.0066742424242423,0.03587174244872944,0.9952870454545455,8.835226487600734e-05,0.7225549764414311,35.40328535353535,0.32487675277547223
106,11:13,11:20,21.01,0.8913025316455694,0.00783044640774066,0.008000000000000002,1.7458080838158182e-18,2.373631012658228,0.015388595310425279,80.04185189873418,0.5540477242381993,12.39948240506329,0.13754830288372444,32.19197468354431,0.1648045442710806,10.127546848101266,0.05784885834923601,3.151150632911393,0.036294347315114855,0.9911035544303798,7.768084738616781e-05,0.37887208536192873,35.343125316455705,0.275320533467502
107,11:23,11:29,21.01,0.37752292857142866,0.002799157416295274,0.008,0.0,2.4146564285714285,0.02002076625064434,79.99068,0.7923141729009453,11.895694999999998,0.04640505637585599,31.020828571428567,0.23900973065077435,9.676883457142859,0.3467417197638647,4.1250492857142875,0.06858510290188467,0.979247917142857,0.00015101877987778496,0.15965953748522052,35.14587785714286,0.15784699160742946
108,12:35,12:44,21.01,2.797245,0.02655091877654686,0.008000000000000002,1.7434626923745965e-18,2.5904875,0.015598838300114874,89.891604,0.6657321228375402,12.624469,0.06521831208574112,34.19965,0.099097276461163,8.90826658,0.05440756010249564,1.22411055,0.02711786442843704,0.9971479469999999,2.719708635241464e-05,1.0829023494612502,35.42376055,0.23879218610999492
109,12:49,12:55,21.01,2.1275920289855073,0.030550142754057062,0.008,0.0,2.6038471014492752,0.01572939334508049,89.94323478260868,0.6733399405479262,12.748026666666666,0.04582043837141909,33.14980434782609,0.08865946987471478,8.26390668115942,0.07341817091126472,2.050943478260869,0.04004496361907693,0.9962532057971015,5.329344922788577e-05,0.8201679844399689,35.20074782608696,0.3091666187776746
110,12:57,13:04,21.01,1.450334810126582,0.01071488108035036,0.008000000000000002,1.7458080838158182e-18,2.6246170886075952,0.012046009249997387,90.08370632911394,0.5290382123132821,12.63268734177215,0.04941001317362296,32.090316455696204,0.18441579930534874,7.102433253164556,0.1521932704252391,3.0606702531645578,0.03175589135629042,0.9945140075949366,4.036176081949112e-05,0.5556371694966956,35.15098670886076,0.3194188475876163
111,13:07,13:13,21.01,0.5831842857142858,0.005022756495763548,0.008,0.0,2.6525914285714283,0.02145692512012765,89.85528000000001,0.80481584383805,12.555457857142859,0.031280683111487906,30.462521428571428,0.3222389229239774,6.56197402857143,0.4952363351363998,4.60673142857143,0.06173816918375121,0.9864668771428575,0.00011529124955347618,0.22287046521622528,35.06925285714286,0.20284308158461717
112,13:25,13:33,21.01,2.8807067415730336,0.0433898836076945,0.008000000000000002,1.7445520162499325e-18,2.701076404494382,0.016016844985485463,94.908,0.7265466305500542,12.995154943820225,0.1395557202023263,34.249331460674156,0.08385668048888502,8.068429460674158,0.12095323454777658,1.383337415730337,0.04856901469764654,0.9972299764044943,4.1678406286253755e-05,1.0694650239313666,35.632668876404495,0.24371932568063273
113,13:37,13:44,21.01,2.242982051282051,0.02149079080080788,0.008000000000000002,1.745951576857101e-18,2.7228519230769233,0.01978098825270736,94.9934717948718,0.8352048253171797,12.855497435897435,0.10458630589304212,33.01421153846153,0.25163463669498154,7.176646076923076,0.09400273404655725,2.195767307692307,0.052383882612807624,0.9964456807692306,3.4001031526338874e-05,0.8267001345921001,35.20997884615384,0.3067235853817618
114,13:46,13:53,21.01,1.529183125,0.02777699843412699,0.008000000000000002,1.7456682121588365e-18,2.74225,0.017473574985812458,94.84698625,0.7854932728593399,12.600003749999999,0.13710322532075764,31.866843749999997,0.2923575233843496,6.303023550000001,0.21928704191220483,3.2830068749999994,0.04713255260886273,0.99479394625,9.757415089288266e-05,0.5605554289360927,35.149850625,0.32161236588234243
115,13:55,14:02,21.01,0.43856044303797465,0.06610454586074278,0.008000000000000002,1.7458080838158182e-18,2.795926582278481,0.0189651076971447,94.90305569620254,0.828249935916292,12.352437215189873,0.08285995002283329,29.354234177215197,0.43239301207797687,5.416599050632912,0.6136039767444158,5.390760759493672,0.1283984307933123,0.9818406139240503,0.001685461347611041,0.159718229322767,34.74499493670887,0.16147751149564893
116,09:50,09:58,11.02,2.5860636363636362,0.04431795757519027,0.008000000000000002,1.7446646661074256e-18,2.5585823863636366,0.018324681929109455,89.89072613636364,0.778032076946262,14.477237386363635,0.1786951952636997,34.01439772727272,0.19706280227570203,13.092035113636364,0.062162888437053164,1.4206121590909093,0.049318660103100986,0.9969151306818183,5.291621083982915e-05,1.0138675425067813,35.43500988636363,0.2622572437443775
117,10:01,10:07,11.02,2.0274213235294125,0.027704243325204273,0.008,0.0,2.568472058823529,0.020413416319843038,90.15520588235293,0.810909873506271,14.913484558823527,0.11112208415238449,33.116698529411764,0.18234472314138053,11.943015882352942,0.039320417325008405,2.1951617647058828,0.03546339095929589,0.9960688750000001,5.4715850455280066e-05,0.7924638761543403,35.31186029411764,0.3175048004132821
118,10:11,10:19,11.02,1.3156079545454546,0.013535697559110238,0.008000000000000002,1.7446646661074256e-18,2.586551136363636,0.018384604343165915,90.17500568181818,0.6494730009267996,14.778900227272727,0.054256974571044114,32.093323863636364,0.3331596476215142,10.55682590909091,0.07183639678194002,3.2415971590909085,0.04702457193212595,0.9939552965909091,6.153178684909345e-05,0.5117269617975851,35.33492102272727,0.3094757476091094
119,10:21,10:28,11.02,0.3822103164556962,0.005938548738245785,0.008000000000000002,1.7458080838158182e-18,2.6277177215189877,0.02086382748457411,89.8124341772152,0.8293235180935711,14.591120379746837,0.07451203988829919,30.063759493670894,0.5391113287146342,9.303286518987342,0.2651171776356811,4.9641436708860756,0.06820049832845262,0.9794933911392405,0.0003221840428770242,0.1484978060086796,35.02790316455697,0.14539980266731148
120,10:38,10:45,11.02,2.8116737179487177,0.03158529240622833,0.008000000000000002,1.745951576857101e-18,2.662873717948718,0.018979244857158715,94.62580128205128,0.8062129654022877,14.85964435897436,0.08027120074512567,34.14432051282052,0.09449623693321765,11.201690128205128,0.06455493101355748,1.422033846153846,0.02747644111204755,0.9971624358974356,3.212411795488114e-05,1.0588837536467133,35.566354358974365,0.24932045514088352
121,10:48,10:55,11.02,1.995217088607595,0.027851323319474305,0.008000000000000002,1.7458080838158182e-18,2.689946835443038,0.018610293784058998,94.80851139240508,0.8735336704043462,14.590929240506327,0.0975615699846887,32.65653164556962,0.3049673410611767,9.474448303797468,0.10075891585635256,2.5545911392405065,0.0409210056393003,0.9960056658227846,5.533111955582922e-05,0.7447050856964845,35.21112278481013,0.32343880150053095
122,10:58,11:04,11.02,1.3629321428571428,0.011850610073313977,0.008,0.0,2.720310714285714,0.014553474342040476,95.3234,0.5991491140522243,14.374996714285713,0.12536099255456234,31.653278571428576,0.3012041369949239,8.224587414285716,0.09614700612407535,3.5619192857142856,0.038067770701067684,0.9941640971428571,5.065934244763095e-05,0.503961601025093,35.21519785714286,0.3103542601186714
123,11:06,11:12,11.02,0.5270007246376813,0.005417010875023176,0.008,0.0,2.7515253623188403,0.020004519017381907,95.10286376811592,0.8667426765450157,14.358582463768117,0.07595811162595979,29.83215217391304,0.3753027925041071,7.053769623188407,0.3276147842042228,5.132102173913043,0.06996584956604698,0.9850452318840581,0.00015202177716749284,0.19443786779665043,34.964254347826085,0.1808660657979625
124,14:29,14:35,8.02,0.020444380597014925,0.002470319490884137,6.222901492537314,0.06491047796198804,2.0159052238805972,0.010395618010140347,95.37743880597016,0.22248509923222012,32.669158955223885,0.08402854298850289,35.622850746268654,0.09206466003968386,1.0668033597014928,0.09962537832296983,2.2413223880597015,0.024322103495651618,0.0032741587761194032,0.00038676056480309984,3.0970433526214842,37.864173134328354,0.6446411369636759
125,14:21,14:28,8.02,1.0773296351351351,0.12416099233353692,3.4123486486486483,0.36529081236856825,1.9544358108108109,0.01652506506374416,94.6455945945946,0.3280870465400415,33.179159459459456,0.10404073684375517,35.75557432432433,0.22556455326112995,1.182801131081081,0.2551991965780193,1.8723040540540545,0.048656499204590906,0.24151329135135136,0.029338594994609057,2.297173567404708,37.627878378378384,0.3902172355275589
126,14:03,14:10,8.02,1.583335625,0.012590804846912601,2.3171,0.0772645627582778,1.9370843750000002,0.018825683697890973,95.32328375,0.22300170825465332,33.835168124999996,0.21728223555745407,35.930381249999996,0.18716702490985818,1.3939950374999999,0.20740647490176337,1.82559,0.026259004965385722,0.4060895125,0.008339195363081454,2.0135600056141074,37.755971249999995,0.32403173928775575
127,13:02,13:07,8.02,1.9259745614035089,0.031237016049539656,1.6323736842105263,0.047153423774782356,1.9801377192982457,0.03928194591746514,95.36401929824561,0.5097316119567922,33.23286122807017,0.3725838234644565,36.273210526315786,0.10747071641716203,1.7563702631578948,0.11267602234480666,1.9267657894736845,0.05886807751075306,0.5413176017543859,0.007423532942067486,1.7970205864646134,38.19997631578947,0.3128582019236626
128,13:10,13:16,8.02,1.9407615942028986,0.032115916139508864,1.3955968115942028,0.069251431976971,1.9232108695652173,0.022333303853157106,94.78684927536233,0.42668987106051987,33.69326855072463,0.14755848614418238,37.030050724637675,0.10342804919247628,2.561741507246377,0.11812679907844083,2.089565217391305,0.01992400138531529,0.581887343478261,0.013660960727373701,1.7347855394303986,39.11961594202898,0.32437621544836515
129,13:47,13:53,8.02,2.1071022058823528,0.024242720762877062,0.8380061764705884,0.04924949218707551,1.9351257352941176,0.01619931704071506,94.816475,0.30168516126891454,33.56890176470587,0.18200535310268565,36.02475735294118,0.2085424988478951,1.5118728235294119,0.23140154867881388,2.1035625,0.03632856013822207,0.7156540573529413,0.011068112599073341,1.5219209422096376,38.12831985294118,0.2876880973228102
130,12:32,12:39,8.02,0.020019564102564107,0.00011745760105369085,5.624215384615384,0.10831845674642929,2.2859967948717954,0.017246910771270926,79.81577564102562,0.6432484695316256,18.15306935897436,0.20842288034865689,33.24274358974359,0.08558282779226432,-1.529102564102564,0.10788625440455281,1.819053846153846,0.034516528855546354,0.0035483106923076923,7.703173248890196e-05,2.469047621317637,35.06179743589743,0.7717255742182846
131,12:24,12:30,8.02,0.9115850000000001,0.010547086794706504,3.37542,0.03489269929036897,2.2595607142857137,0.01799674667229465,79.89949,0.570494204558454,18.325628714285713,0.21211874175934908,34.516357142857146,0.030892537307311757,-0.1430814285714286,0.0308759664185177,1.1709764999999994,0.017466037755922335,0.21263955714285715,0.0012531909834638912,1.8972736483229207,35.68733364285715,0.37478928544164186
132,12:02,12:09,8.02,1.355540909090909,0.008573684981539705,2.228166233766234,0.02968681086907474,2.2644402597402595,0.006918667725042279,80.11924545454544,0.2652180729063763,18.580317142857144,0.05333789955155172,34.38116233766233,0.025135742212409398,-0.3117012987012987,0.025527108879872525,1.0187575324675326,0.021061039026690986,0.3782697870129871,0.002345278198364504,1.5826017610498624,35.399919870129864,0.267678460569805
133,11:30,11:39,8.02,1.6198853535353535,0.01701173552395531,1.2002284848484848,0.029147049010976,2.2812641414141415,0.01213954375047077,79.73803838383839,0.4703711469239859,16.961564747474746,0.19284011800697945,34.31468686868686,0.031516644926796095,-0.37577777777777777,0.02937844397720107,1.2509018181818181,0.03147769058911005,0.5744514151515151,0.005908246319208567,1.2362066221036845,35.56558868686868,0.27176627665097836
134,11:51,11:58,8.02,1.998877848101266,0.012642276822577587,0.5122615189873417,0.024456113864541197,2.2638151898734185,0.007464515863662588,80.07473417721519,0.24357968573779207,18.369613797468354,0.08416972572715235,34.50991772151898,0.024345197807379246,-0.1539088607594937,0.026953707655493323,1.1338746835443037,0.02722030167533064,0.7960671873417721,0.008085959000675616,1.109251045898768,35.64379240506329,0.21108241718685675
135,15:25,15:31,8.02,2.0630885714285716,0.05406772066787596,0.008,0.0,1.7170314285714283,0.02403921791426682,90.49418,0.561500955540117,33.77360328571428,0.27470625911906793,34.43905,0.19931936993650204,9.739792042857145,0.308392880817961,2.5642092857142855,0.06151913234441736,0.9961346485714283,0.00010301516385191309,1.2062030647579463,37.003259285714286,0.31487690667962187
136,15:33,15:38,8.02,1.3764258620689656,0.022022040875711742,0.008,0.0,1.7145017241379312,0.04517514159388798,90.37075689655174,0.5666791258007214,33.62705706896552,0.3196092047727488,32.49860344827586,0.20827214733689653,7.726854103448277,0.1329645605087587,3.313918965517242,0.0277315338077814,0.9942200103448278,9.262548565519756e-05,0.8074800057521487,35.8125224137931,0.2777306169879199
137,15:39,15:44,8.02,0.4850634745762712,0.1337499153697903,0.008,0.0,1.6934991525423728,0.04221958147132987,90.02191694915255,0.5915652557214106,33.720135593220334,0.4041088317190666,30.91731355932203,0.3712974908473349,6.856159169491526,0.30806428306163824,4.412206779661017,0.1570520206639285,0.9832642779661017,0.0019812750199066577,0.2911507064152099,35.329520338983045,0.13696721912765564
138,14:55,15:00,8.02,2.2662901785714284,0.0486903205049692,0.008,0.0,1.906117857142857,0.02249451534884049,95.0449875,0.5055069880148223,33.77461553571429,0.2630184226172597,34.116839285714285,0.12867393983323805,9.430479017857142,0.09765932573920452,2.7305625000000004,0.052841808731344524,0.9964808357142857,7.514771012919537e-05,1.1931529679809185,36.84740178571428,0.3275781952244791
139,15:04,15:10,8.02,1.4573320895522388,0.02647319642394832,0.008,0.0,1.8377932835820896,0.03586290277034658,94.8805223880597,0.685695877860894,34.65476268656715,0.4394641390429872,33.13011194029851,0.2935902734137288,8.858151283582089,0.15351188469674143,3.5763425373134328,0.04318485218935007,0.9945387044776118,9.954760309860585e-05,0.7973323782618917,36.70645447761194,0.28327638259675614
140,15:14,15:19,8.02,0.7108691666666666,0.006148122847505788,0.008,0.0,1.925634166666667,0.029606868321998495,94.79518333333334,0.697970476809138,33.243515,0.21606388835838025,30.822433333333333,0.12294033507641276,7.579998166666667,0.13086801302219928,4.49573,0.05156479731399997,0.9888706166666666,9.4429459218838e-05,0.37331554409997386,35.31816333333333,0.1814699638081462
